0;0;0;0;x;x;
1;149;199;191;b_barony_1;x;
2;243;180;161;b_barony_2;x;
3;252;129;141;b_barony_3;x;
4;199;193;245;b_barony_4;x;
5;217;215;234;b_barony_5;x;
6;178;186;187;b_barony_6;x;
7;244;121;180;b_barony_7;x;
8;185;155;249;b_barony_8;x;
9;250;62;200;b_barony_9;x;
10;179;145;204;b_barony_10;x;
11;136;239;253;b_barony_11;x;
12;172;252;194;b_barony_12;x;
13;250;140;244;b_barony_13;x;
14;166;155;180;b_barony_14;x;
15;208;205;156;b_barony_15;x;
16;188;183;212;b_barony_16;x;
17;208;239;107;b_barony_17;x;
18;208;231;205;b_barony_18;x;
19;246;178;95;b_barony_19;x;
20;235;100;228;b_barony_20;x;
21;132;209;231;b_barony_21;x;
22;104;201;212;b_barony_22;x;
23;235;167;132;b_barony_23;x;
24;52;240;215;b_barony_24;x;
25;206;63;239;b_barony_25;x;
26;222;247;122;b_barony_26;x;
27;194;245;210;b_barony_27;x;
28;224;198;204;b_barony_28;x;
29;228;119;233;b_barony_29;x;
30;245;226;201;b_barony_30;x;
31;226;252;106;b_barony_31;x;
32;183;153;251;b_barony_32;x;
33;251;219;173;b_barony_33;x;
34;68;234;227;b_barony_34;x;
35;165;201;254;b_barony_35;x;
36;220;235;196;b_barony_36;x;
37;191;235;193;b_barony_37;x;
38;96;245;171;b_barony_38;x;
39;245;156;186;b_barony_39;x;
40;156;187;186;b_barony_40;x;
41;142;118;246;b_barony_41;x;
42;248;96;197;b_barony_42;x;
43;138;144;247;b_barony_43;x;
44;40;230;235;b_barony_44;x;
45;204;178;226;b_barony_45;x;
46;249;210;60;b_barony_46;x;
47;222;174;109;b_barony_47;x;
48;247;197;234;b_barony_48;x;
49;239;193;80;b_barony_49;x;
50;176;178;212;b_barony_50;x;
51;192;195;137;b_barony_51;x;
52;200;191;111;b_barony_52;x;
53;205;175;124;b_barony_53;x;
54;169;175;190;b_barony_54;x;
55;166;155;207;b_barony_55;x;
56;180;233;172;b_barony_56;x;
57;160;215;194;b_barony_57;x;
58;226;123;233;b_barony_58;x;
59;190;128;196;b_barony_59;x;
60;210;226;108;b_barony_60;x;
61;217;241;93;b_barony_61;x;
62;238;211;91;b_barony_62;x;
63;94;213;210;b_barony_63;x;
64;242;197;164;b_barony_64;x;
65;122;165;234;b_barony_65;x;
66;127;227;184;b_barony_66;x;
67;78;246;198;b_barony_67;x;
68;208;210;166;b_barony_68;x;
69;231;247;237;b_barony_69;x;
70;227;210;130;b_barony_70;x;
71;220;203;200;b_barony_71;x;
72;216;158;165;b_barony_72;x;
73;182;248;230;b_barony_73;x;
74;250;81;240;b_barony_74;x;
75;68;234;247;b_barony_75;x;
76;229;204;124;b_barony_76;x;
77;120;190;201;b_barony_77;x;
78;155;148;242;b_barony_78;x;
79;100;250;226;b_barony_79;x;
80;204;232;125;b_barony_80;x;
81;218;209;152;b_barony_81;x;
82;250;159;185;b_barony_82;x;
83;130;139;246;b_barony_83;x;
84;188;245;162;b_barony_84;x;
85;223;224;57;b_barony_85;x;
86;242;233;33;b_barony_86;x;
87;167;216;246;b_barony_87;x;
88;243;222;73;b_barony_88;x;
89;205;145;213;b_barony_89;x;
90;243;133;125;b_barony_90;x;
91;161;179;188;b_barony_91;x;
92;192;227;103;b_barony_92;x;
93;248;184;125;b_barony_93;x;
94;211;85;225;b_barony_94;x;
95;236;233;141;b_barony_95;x;
96;219;190;192;b_barony_96;x;
97;190;248;185;b_barony_97;x;
98;232;210;157;b_barony_98;x;
99;246;177;143;b_barony_99;x;
100;120;197;227;b_barony_100;x;
101;244;241;151;b_barony_101;x;
102;237;244;47;b_barony_102;x;
103;116;206;254;b_barony_103;x;
104;243;64;234;b_barony_104;x;
105;192;163;250;b_barony_105;x;
106;214;99;236;b_barony_106;x;
107;91;227;251;b_barony_107;x;
108;251;164;228;b_barony_108;x;
109;121;248;249;b_barony_109;x;
110;217;232;116;b_barony_110;x;
111;199;226;124;b_barony_111;x;
112;225;110;221;b_barony_112;x;
113;149;180;236;b_barony_113;x;
114;207;173;213;b_barony_114;x;
115;108;247;180;b_barony_115;x;
116;176;219;196;b_barony_116;x;
117;197;179;199;b_barony_117;x;
118;253;247;181;b_barony_118;x;
119;217;237;249;b_barony_119;x;
120;207;219;238;b_barony_120;x;
121;169;218;137;b_barony_121;x;
122;91;244;191;b_barony_122;x;
123;223;54;246;b_barony_123;x;
124;198;206;215;b_barony_124;x;
125;236;250;108;b_barony_125;x;
126;194;174;161;b_barony_126;x;
127;244;223;127;b_barony_127;x;
128;124;184;225;b_barony_128;x;
129;157;224;240;b_barony_129;x;
130;154;219;140;b_barony_130;x;
131;240;165;109;b_barony_131;x;
132;236;250;206;b_barony_132;x;
133;154;150;251;b_barony_133;x;
134;217;185;173;b_barony_134;x;
135;164;202;199;b_barony_135;x;
136;98;197;241;b_barony_136;x;
137;233;181;135;b_barony_137;x;
138;240;72;231;b_barony_138;x;
139;197;112;196;b_barony_139;x;
140;150;216;233;b_barony_140;x;
141;163;117;229;b_barony_141;x;
142;91;210;220;b_barony_142;x;
143;186;231;192;b_barony_143;x;
144;123;222;169;b_barony_144;x;
145;137;247;153;b_barony_145;x;
146;229;233;180;b_barony_146;x;
147;154;155;202;b_barony_147;x;
148;159;215;152;b_barony_148;x;
149;245;34;234;b_barony_149;x;
150;184;186;213;b_barony_150;x;
151;133;244;247;b_barony_151;x;
152;175;243;164;b_barony_152;x;
153;199;234;79;b_barony_153;x;
154;156;227;181;b_barony_154;x;
155;238;198;75;b_barony_155;x;
156;147;122;248;b_barony_156;x;
157;194;64;251;b_barony_157;x;
158;226;181;235;b_barony_158;x;
159;208;137;174;b_barony_159;x;
160;245;229;124;b_barony_160;x;
161;147;194;213;b_barony_161;x;
162;44;238;239;b_barony_162;x;
163;208;144;156;b_barony_163;x;
164;243;208;52;b_barony_164;x;
165;136;156;224;b_barony_165;x;
166;182;168;239;b_barony_166;x;
167;254;243;248;b_barony_167;x;
168;72;187;251;b_barony_168;x;
169;141;239;229;b_barony_169;x;
170;191;220;237;b_barony_170;x;
171;223;184;153;b_barony_171;x;
172;131;246;194;b_barony_172;x;
173;83;240;191;b_barony_173;x;
174;118;250;244;b_barony_174;x;
175;145;182;211;b_barony_175;x;
176;249;181;133;b_barony_176;x;
177;208;194;124;b_barony_177;x;
178;68;254;252;b_barony_178;x;
179;162;222;145;b_barony_179;x;
180;55;240;236;b_barony_180;x;
181;232;231;116;b_barony_181;x;
182;174;196;219;b_barony_182;x;
183;170;157;234;b_barony_183;x;
184;234;146;228;b_barony_184;x;
185;34;251;254;b_barony_185;x;
186;231;180;183;b_barony_186;x;
187;179;192;139;b_barony_187;x;
188;185;236;237;b_barony_188;x;
189;159;239;118;b_barony_189;x;
190;195;164;219;b_barony_190;x;
191;248;254;193;b_barony_191;x;
192;220;218;131;b_barony_192;x;
193;238;191;129;b_barony_193;x;
194;253;246;197;b_barony_194;x;
195;114;188;222;b_barony_195;x;
196;102;213;246;b_barony_196;x;
197;243;53;238;b_barony_197;x;
198;37;251;236;b_barony_198;x;
199;115;180;245;b_barony_199;x;
200;246;138;190;b_barony_200;x;
201;104;212;212;b_barony_201;x;
202;136;230;222;b_barony_202;x;
203;246;200;246;b_barony_203;x;
204;230;210;97;b_barony_204;x;
205;222;201;99;b_barony_205;x;
206;219;160;183;b_barony_206;x;
207;240;211;190;b_barony_207;x;
208;244;163;247;b_barony_208;x;
209;244;174;217;b_barony_209;x;
210;183;238;190;b_barony_210;x;
211;236;170;243;b_barony_211;x;
212;134;187;209;b_barony_212;x;
213;139;186;220;b_barony_213;x;
214;245;170;141;b_barony_214;x;
215;137;213;153;b_barony_215;x;
216;103;252;253;b_barony_216;x;
217;125;155;242;b_barony_217;x;
218;138;201;236;b_barony_218;x;
219;244;87;251;b_barony_219;x;
220;200;226;113;b_barony_220;x;
221;249;224;91;b_barony_221;x;
222;167;178;196;b_barony_222;x;
223;251;89;177;b_barony_223;x;
224;234;206;142;b_barony_224;x;
225;216;101;191;b_barony_225;x;
226;118;251;221;b_barony_226;x;
227;253;24;245;b_barony_227;x;
228;217;150;214;b_barony_228;x;
229;168;200;138;b_barony_229;x;
230;214;191;238;b_barony_230;x;
231;50;250;223;b_barony_231;x;
232;88;248;230;b_barony_232;x;
233;206;223;135;b_barony_233;x;
234;253;211;221;b_barony_234;x;
235;147;185;205;b_barony_235;x;
236;224;254;219;b_barony_236;x;
237;205;165;252;b_barony_237;x;
238;240;214;102;b_barony_238;x;
239;157;221;127;b_barony_239;x;
240;127;236;154;b_barony_240;x;
241;180;196;176;b_barony_241;x;
242;127;145;229;b_barony_242;x;
243;211;213;170;b_barony_243;x;
244;177;161;206;b_barony_244;x;
245;154;246;166;b_barony_245;x;
246;190;158;173;b_barony_246;x;
247;112;248;147;b_barony_247;x;
248;139;191;214;b_barony_248;x;
249;134;139;248;b_barony_249;x;
250;176;212;148;b_barony_250;x;
251;196;247;173;b_barony_251;x;
252;233;129;153;b_barony_252;x;
253;239;180;133;b_barony_253;x;
254;114;243;248;b_barony_254;x;
255;254;210;149;b_barony_255;x;
256;145;229;173;b_barony_256;x;
257;135;236;254;b_barony_257;x;
258;126;242;136;b_barony_258;x;
259;156;150;244;b_barony_259;x;
260;229;200;171;b_barony_260;x;
261;233;170;160;b_barony_261;x;
262;119;208;209;b_barony_262;x;
263;236;150;238;b_barony_263;x;
264;200;94;244;b_barony_264;x;
265;210;239;247;b_barony_265;x;
266;248;192;99;b_barony_266;x;
267;173;188;167;b_barony_267;x;
268;110;229;244;b_barony_268;x;
269;139;198;183;b_barony_269;x;
270;207;205;93;b_barony_270;x;
271;201;175;251;b_barony_271;x;
272;96;173;246;b_barony_272;x;
273;202;107;245;b_barony_273;x;
274;187;253;123;b_barony_274;x;
275;203;254;46;b_barony_275;x;
276;171;247;180;b_barony_276;x;
277;130;253;252;b_barony_277;x;
278;194;165;151;b_barony_278;x;
279;177;174;251;b_barony_279;x;
280;58;212;252;b_barony_280;x;
281;240;95;184;b_barony_281;x;
282;107;248;226;b_barony_282;x;
283;202;78;231;b_barony_283;x;
284;243;176;151;b_barony_284;x;
285;99;227;248;b_barony_285;x;
286;167;243;149;b_barony_286;x;
287;170;253;145;b_barony_287;x;
288;174;251;96;b_barony_288;x;
289;220;99;230;b_barony_289;x;
290;197;110;233;b_barony_290;x;
291;218;243;206;b_barony_291;x;
292;225;246;250;b_barony_292;x;
293;235;172;123;b_barony_293;x;
294;244;252;166;b_barony_294;x;
295;181;241;246;b_barony_295;x;
296;187;157;216;b_barony_296;x;
297;159;178;224;b_barony_297;x;
298;112;236;192;b_barony_298;x;
299;89;202;234;b_barony_299;x;
300;153;174;215;b_barony_300;x;
301;225;98;198;b_barony_301;x;
302;239;125;233;b_barony_302;x;
303;128;182;242;b_barony_303;x;
304;182;227;171;b_barony_304;x;
305;164;236;236;b_barony_305;x;
306;100;168;247;b_barony_306;x;
307;181;115;229;b_barony_307;x;
308;190;248;202;b_barony_308;x;
309;28;254;248;b_barony_309;x;
310;183;90;252;b_barony_310;x;
311;147;137;226;b_barony_311;x;
312;234;209;75;b_barony_312;x;
313;131;225;223;b_barony_313;x;
314;233;164;202;b_barony_314;x;
315;247;195;237;b_barony_315;x;
316;143;234;229;b_barony_316;x;
317;108;218;179;b_barony_317;x;
318;134;205;209;b_barony_318;x;
319;237;187;152;b_barony_319;x;
320;229;172;238;b_barony_320;x;
321;35;229;250;b_barony_321;x;
322;70;249;208;b_barony_322;x;
323;126;137;252;b_barony_323;x;
324;185;159;237;b_barony_324;x;
325;252;194;65;b_barony_325;x;
326;211;78;246;b_barony_326;x;
327;184;204;158;b_barony_327;x;
328;163;144;242;b_barony_328;x;
329;252;156;194;b_barony_329;x;
330;215;238;71;b_barony_330;x;
331;204;175;254;b_barony_331;x;
332;233;73;214;b_barony_332;x;
333;159;239;190;b_barony_333;x;
334;145;220;201;b_barony_334;x;
335;248;86;187;b_barony_335;x;
336;171;249;93;b_barony_336;x;
337;42;247;217;b_barony_337;x;
338;210;218;209;b_barony_338;x;
339;226;153;180;b_barony_339;x;
340;75;215;231;b_barony_340;x;
341;84;217;243;b_barony_341;x;
342;130;237;208;b_barony_342;x;
343;253;109;150;b_barony_343;x;
344;207;175;247;b_barony_344;x;
345;246;175;159;b_barony_345;x;
346;93;246;198;b_barony_346;x;
347;210;229;229;b_barony_347;x;
348;44;233;250;b_barony_348;x;
349;156;254;162;b_barony_349;x;
350;206;208;241;b_barony_350;x;
351;190;108;203;b_barony_351;x;
352;151;226;189;b_barony_352;x;
353;95;227;240;b_barony_353;x;
354;225;242;101;b_barony_354;x;
355;195;127;247;b_barony_355;x;
356;70;222;241;b_barony_356;x;
357;253;73;207;b_barony_357;x;
358;247;239;233;b_barony_358;x;
359;84;196;238;b_barony_359;x;
360;226;161;142;b_barony_360;x;
361;210;238;120;b_barony_361;x;
362;238;108;188;b_barony_362;x;
363;147;128;232;b_barony_363;x;
364;150;195;198;b_barony_364;x;
365;173;208;124;b_barony_365;x;
366;92;190;237;b_barony_366;x;
367;222;186;210;b_barony_367;x;
368;171;186;213;b_barony_368;x;
369;196;151;171;b_barony_369;x;
370;241;156;182;b_barony_370;x;
371;199;179;152;b_barony_371;x;
372;176;198;171;b_barony_372;x;
373;166;217;138;b_barony_373;x;
374;232;110;238;b_barony_374;x;
375;128;183;221;b_barony_375;x;
376;177;241;113;b_barony_376;x;
377;224;246;104;b_barony_377;x;
378;207;193;115;b_barony_378;x;
379;252;162;110;b_barony_379;x;
380;236;202;68;b_barony_380;x;
381;245;191;213;b_barony_381;x;
382;216;162;177;b_barony_382;x;
383;202;205;218;b_barony_383;x;
384;168;205;240;b_barony_384;x;
385;212;144;207;b_barony_385;x;
386;142;243;179;b_barony_386;x;
387;116;175;235;b_barony_387;x;
388;155;249;109;b_barony_388;x;
389;215;228;82;b_barony_389;x;
390;136;247;172;b_barony_390;x;
391;249;53;247;b_barony_391;x;
392;251;209;58;b_barony_392;x;
393;100;242;180;b_barony_393;x;
394;180;237;155;b_barony_394;x;
395;202;243;151;b_barony_395;x;
396;175;233;176;b_barony_396;x;
397;113;213;238;b_barony_397;x;
398;235;241;97;b_barony_398;x;
399;73;224;227;b_barony_399;x;
400;96;246;236;b_barony_400;x;
401;242;104;240;b_barony_401;x;
402;147;178;199;b_barony_402;x;
403;175;191;166;b_barony_403;x;
404;161;193;241;b_barony_404;x;
405;232;137;145;b_barony_405;x;
406;200;95;239;b_barony_406;x;
407;170;178;190;b_barony_407;x;
408;234;245;102;b_barony_408;x;
409;167;230;179;b_barony_409;x;
410;102;215;197;b_barony_410;x;
411;141;182;187;b_barony_411;x;
412;148;201;254;b_barony_412;x;
413;208;141;243;b_barony_413;x;
414;169;248;91;b_barony_414;x;
415;165;183;234;b_barony_415;x;
416;252;233;247;b_barony_416;x;
417;227;106;236;b_barony_417;x;
418;67;244;215;b_barony_418;x;
419;178;217;147;b_barony_419;x;
420;229;195;199;b_barony_420;x;
421;51;247;247;b_barony_421;x;
422;215;205;254;b_barony_422;x;
423;179;237;96;b_barony_423;x;
424;189;254;77;b_barony_424;x;
425;222;229;191;b_barony_425;x;
426;134;155;234;b_barony_426;x;
427;195;244;182;b_barony_427;x;
428;165;240;169;b_barony_428;x;
429;205;205;200;b_barony_429;x;
430;197;146;193;b_barony_430;x;
431;104;249;197;b_barony_431;x;
432;202;232;104;b_barony_432;x;
433;138;240;254;b_barony_433;x;
434;207;133;247;b_barony_434;x;
435;227;253;247;b_barony_435;x;
436;222;175;138;b_barony_436;x;
437;200;139;222;b_barony_437;x;
438;200;239;65;b_barony_438;x;
439;239;59;251;b_barony_439;x;
440;214;158;173;b_barony_440;x;
441;240;245;85;b_barony_441;x;
442;114;236;217;b_barony_442;x;
443;224;212;73;b_barony_443;x;
444;97;250;180;b_barony_444;x;
445;251;233;222;b_barony_445;x;
446;171;223;128;b_barony_446;x;
447;175;124;209;b_barony_447;x;
448;251;27;244;b_barony_448;x;
449;232;226;135;b_barony_449;x;
450;246;202;232;b_barony_450;x;
451;253;140;226;b_barony_451;x;
452;243;244;184;b_barony_452;x;
453;34;222;254;b_barony_453;x;
454;193;243;143;b_barony_454;x;
455;164;228;128;b_barony_455;x;
456;254;171;243;b_barony_456;x;
457;198;194;179;b_barony_457;x;
458;123;249;238;b_barony_458;x;
459;133;152;222;b_barony_459;x;
460;223;160;222;b_barony_460;x;
461;171;166;215;b_barony_461;x;
462;193;203;215;b_barony_462;x;
463;238;197;172;b_barony_463;x;
464;155;240;241;b_barony_464;x;
465;194;165;194;b_barony_465;x;
466;244;199;67;b_barony_466;x;
467;167;222;243;b_barony_467;x;
468;99;247;208;b_barony_468;x;
469;165;248;125;b_barony_469;x;
470;59;251;244;b_barony_470;x;
471;165;197;226;b_barony_471;x;
472;195;192;143;b_barony_472;x;
473;243;229;46;b_barony_473;x;
474;233;205;70;b_barony_474;x;
475;148;179;189;b_barony_475;x;
476;244;224;225;b_barony_476;x;
477;178;212;231;b_barony_477;x;
478;111;203;205;b_barony_478;x;
479;125;252;222;b_barony_479;x;
480;191;179;208;b_barony_480;x;
481;189;210;227;b_barony_481;x;
482;137;195;225;b_barony_482;x;
483;250;204;106;b_barony_483;x;
484;140;254;226;b_barony_484;x;
485;216;179;209;b_barony_485;x;
486;178;242;240;b_barony_486;x;
487;242;207;120;b_barony_487;x;
488;195;234;116;b_barony_488;x;
489;242;156;166;b_barony_489;x;
490;227;150;196;b_barony_490;x;
491;191;171;192;b_barony_491;x;
492;202;160;155;b_barony_492;x;
493;59;227;235;b_barony_493;x;
494;170;247;192;b_barony_494;x;
495;254;96;238;b_barony_495;x;
496;219;157;210;b_barony_496;x;
497;177;176;152;b_barony_497;x;
498;231;209;90;b_barony_498;x;
499;221;160;236;b_barony_499;x;
500;243;170;94;b_barony_500;x;
501;176;238;226;b_barony_501;x;
502;46;243;243;b_barony_502;x;
503;195;190;209;b_barony_503;x;
504;164;218;253;b_barony_504;x;
505;232;234;247;b_barony_505;x;
506;134;154;246;b_barony_506;x;
507;186;213;116;b_barony_507;x;
508;244;144;197;b_barony_508;x;
509;131;244;192;b_barony_509;x;
510;206;164;147;b_barony_510;x;
511;137;196;228;b_barony_511;x;
512;222;204;126;b_barony_512;x;
513;171;254;137;b_barony_513;x;
514;241;97;251;b_barony_514;x;
515;243;250;13;b_barony_515;x;
516;227;240;134;b_barony_516;x;
517;190;167;230;b_barony_517;x;
518;138;173;246;b_barony_518;x;
519;145;176;210;b_barony_519;x;
520;126;236;239;b_barony_520;x;
521;200;134;241;b_barony_521;x;
522;252;226;69;b_barony_522;x;
523;240;205;141;b_barony_523;x;
524;214;102;195;b_barony_524;x;
525;208;231;120;b_barony_525;x;
526;189;184;162;b_barony_526;x;
527;145;249;145;b_barony_527;x;
528;230;235;116;b_barony_528;x;
529;172;144;243;b_barony_529;x;
530;181;135;210;b_barony_530;x;
531;244;186;184;b_barony_531;x;
532;185;237;215;b_barony_532;x;
533;244;198;202;b_barony_533;x;
534;156;179;196;b_barony_534;x;
535;195;139;204;b_barony_535;x;
536;232;189;124;b_barony_536;x;
537;192;150;220;b_barony_537;x;
538;189;239;124;b_barony_538;x;
539;135;194;253;b_barony_539;x;
540;226;191;167;b_barony_540;x;
541;201;241;240;b_barony_541;x;
542;149;236;127;b_barony_542;x;
543;132;189;237;b_barony_543;x;
544;215;131;223;b_barony_544;x;
545;240;200;178;b_barony_545;x;
546;164;207;172;b_barony_546;x;
547;186;118;204;b_barony_547;x;
548;180;163;222;b_barony_548;x;
549;203;209;193;b_barony_549;x;
550;160;221;254;b_barony_550;x;
551;92;246;169;b_barony_551;x;
552;201;182;160;b_barony_552;x;
553;206;246;56;b_barony_553;x;
554;236;243;240;b_barony_554;x;
555;157;251;118;b_barony_555;x;
556;205;245;146;b_barony_556;x;
557;213;217;142;b_barony_557;x;
558;116;210;230;b_barony_558;x;
559;161;158;220;b_barony_559;x;
560;163;183;158;b_barony_560;x;
561;215;181;179;b_barony_561;x;
562;234;126;155;b_barony_562;x;
563;84;232;203;b_barony_563;x;
564;57;235;235;b_barony_564;x;
565;140;236;198;b_barony_565;x;
566;236;169;199;b_barony_566;x;
567;101;254;251;b_barony_567;x;
568;215;232;64;b_barony_568;x;
569;163;188;201;b_barony_569;x;
570;253;110;182;b_barony_570;x;
571;139;240;183;b_barony_571;x;
572;230;156;216;b_barony_572;x;
573;222;99;185;b_barony_573;x;
574;114;248;227;b_barony_574;x;
575;203;175;215;b_barony_575;x;
576;157;156;228;b_barony_576;x;
577;161;228;236;b_barony_577;x;
578;175;97;234;b_barony_578;x;
579;163;237;214;b_barony_579;x;
580;225;102;190;b_barony_580;x;
581;210;240;208;b_barony_581;x;
582;249;139;222;b_barony_582;x;
583;79;228;239;b_barony_583;x;
584;233;144;178;b_barony_584;x;
585;60;240;248;b_barony_585;x;
586;229;171;185;b_barony_586;x;
587;241;254;73;b_barony_587;x;
588;240;151;208;b_barony_588;x;
589;237;248;174;b_barony_589;x;
590;129;189;214;b_barony_590;x;
591;191;237;152;b_barony_591;x;
592;172;254;149;b_barony_592;x;
593;139;225;179;b_barony_593;x;
594;236;205;254;b_barony_594;x;
595;208;169;209;b_barony_595;x;
596;207;243;240;b_barony_596;x;
597;241;150;227;b_barony_597;x;
598;73;231;218;b_barony_598;x;
599;184;220;193;b_barony_599;x;
600;33;244;224;b_barony_600;x;
601;198;240;108;b_barony_601;x;
602;207;122;194;b_barony_602;x;
603;248;184;160;b_barony_603;x;
604;199;245;162;b_barony_604;x;
605;201;184;253;b_barony_605;x;
606;221;168;247;b_barony_606;x;
607;166;205;221;b_barony_607;x;
608;231;246;104;b_barony_608;x;
609;197;188;195;b_barony_609;x;
610;232;132;240;b_barony_610;x;
611;241;193;228;b_barony_611;x;
612;207;119;242;b_barony_612;x;
613;134;222;146;b_barony_613;x;
614;103;251;187;b_barony_614;x;
615;144;183;247;b_barony_615;x;
616;251;206;154;b_barony_616;x;
617;206;214;98;b_barony_617;x;
618;238;25;246;b_barony_618;x;
619;215;251;149;b_barony_619;x;
620;206;253;61;b_barony_620;x;
621;226;185;161;b_barony_621;x;
622;245;182;196;b_barony_622;x;
623;110;191;211;b_barony_623;x;
624;175;203;208;b_barony_624;x;
625;232;206;166;b_barony_625;x;
626;223;88;244;b_barony_626;x;
627;146;198;234;b_barony_627;x;
628;216;175;110;b_barony_628;x;
629;41;245;234;b_barony_629;x;
630;142;165;248;b_barony_630;x;
631;222;235;60;b_barony_631;x;
632;239;107;159;b_barony_632;x;
633;111;208;198;b_barony_633;x;
634;237;169;119;b_barony_634;x;
635;247;96;213;b_barony_635;x;
636;131;217;188;b_barony_636;x;
637;162;222;134;b_barony_637;x;
638;128;220;181;b_barony_638;x;
639;135;168;238;b_barony_639;x;
640;37;224;243;b_barony_640;x;
641;81;198;234;b_barony_641;x;
642;192;143;225;b_barony_642;x;
643;219;95;208;b_barony_643;x;
644;201;208;170;b_barony_644;x;
645;164;220;193;b_barony_645;x;
646;225;249;208;b_barony_646;x;
647;244;90;235;b_barony_647;x;
648;202;136;194;b_barony_648;x;
649;187;191;154;b_barony_649;x;
650;163;193;207;b_barony_650;x;
651;70;243;223;b_barony_651;x;
652;253;89;159;b_barony_652;x;
653;201;200;108;b_barony_653;x;
654;150;151;234;b_barony_654;x;
655;162;137;204;b_barony_655;x;
656;166;233;160;b_barony_656;x;
657;217;224;193;b_barony_657;x;
658;79;228;216;b_barony_658;x;
659;222;88;246;b_barony_659;x;
660;184;172;157;b_barony_660;x;
661;130;239;241;b_barony_661;x;
662;231;201;206;b_barony_662;x;
663;208;211;245;b_barony_663;x;
664;180;163;216;b_barony_664;x;
665;178;112;250;b_barony_665;x;
666;204;218;110;b_barony_666;x;
667;216;200;226;b_barony_667;x;
668;155;221;252;b_barony_668;x;
669;242;129;193;b_barony_669;x;
670;108;199;209;b_barony_670;x;
671;230;205;130;b_barony_671;x;
672;153;180;168;b_barony_672;x;
673;132;237;205;b_barony_673;x;
674;239;149;166;b_barony_674;x;
675;158;119;247;b_barony_675;x;
676;232;216;62;b_barony_676;x;
677;247;245;30;b_barony_677;x;
678;136;119;248;b_barony_678;x;
679;203;215;167;b_barony_679;x;
680;218;156;174;b_barony_680;x;
681;218;241;237;b_barony_681;x;
682;226;184;141;b_barony_682;x;
683;157;106;246;b_barony_683;x;
684;246;237;42;b_barony_684;x;
685;234;164;146;b_barony_685;x;
686;204;179;194;b_barony_686;x;
687;146;194;188;b_barony_687;x;
688;172;207;159;b_barony_688;x;
689;132;246;141;b_barony_689;x;
690;184;181;172;b_barony_690;x;
691;225;226;178;b_barony_691;x;
692;197;244;157;b_barony_692;x;
693;240;62;254;b_barony_693;x;
694;253;58;251;b_barony_694;x;
695;219;160;217;b_barony_695;x;
696;178;207;117;b_barony_696;x;
697;210;229;208;b_barony_697;x;
698;209;207;155;b_barony_698;x;
699;60;230;219;b_barony_699;x;
700;177;240;132;b_barony_700;x;
701;215;194;107;b_barony_701;x;
702;219;83;238;b_barony_702;x;
703;178;217;120;b_barony_703;x;
704;182;128;206;b_barony_704;x;
705;114;206;184;b_barony_705;x;
706;141;214;207;b_barony_706;x;
707;249;157;207;b_barony_707;x;
708;30;246;238;b_barony_708;x;
709;37;249;223;b_barony_709;x;
710;253;242;194;b_barony_710;x;
711;247;176;169;b_barony_711;x;
712;246;180;158;b_barony_712;x;
713;228;93;228;b_barony_713;x;
714;122;249;141;b_barony_714;x;
715;119;221;162;b_barony_715;x;
716;220;157;218;b_barony_716;x;
717;230;196;94;b_barony_717;x;
718;242;208;194;b_barony_718;x;
719;122;254;161;b_barony_719;x;
720;118;177;210;b_barony_720;x;
721;230;132;167;b_barony_721;x;
722;200;175;197;b_barony_722;x;
723;43;240;221;b_barony_723;x;
724;65;191;246;b_barony_724;x;
725;247;242;55;b_barony_725;x;
726;94;170;243;b_barony_726;x;
727;185;123;209;b_barony_727;x;
728;117;193;221;b_barony_728;x;
729;174;205;131;b_barony_729;x;
730;132;240;142;b_barony_730;x;
731;183;227;159;b_barony_731;x;
732;63;245;238;b_barony_732;x;
733;236;198;224;b_barony_733;x;
734;253;160;182;b_barony_734;x;
735;63;249;241;b_barony_735;x;
736;211;113;222;b_barony_736;x;
737;153;247;107;b_barony_737;x;
738;209;143;236;b_barony_738;x;
739;201;198;252;b_barony_739;x;
740;100;189;234;b_barony_740;x;
741;182;180;232;b_barony_741;x;
742;122;206;217;b_barony_742;x;
743;247;132;214;b_barony_743;x;
744;253;213;114;b_barony_744;x;
745;232;147;244;b_barony_745;x;
746;239;228;111;b_barony_746;x;
747;165;162;254;b_barony_747;x;
748;229;217;65;b_barony_748;x;
749;160;171;231;b_barony_749;x;
750;122;180;224;b_barony_750;x;
751;193;230;226;b_barony_751;x;
752;199;179;154;b_barony_752;x;
753;239;235;85;b_barony_753;x;
754;206;221;89;b_barony_754;x;
755;90;232;240;b_barony_755;x;
756;203;156;184;b_barony_756;x;
757;158;210;150;b_barony_757;x;
758;223;248;33;b_barony_758;x;
759;244;112;231;b_barony_759;x;
760;63;227;215;b_barony_760;x;
761;152;245;172;b_barony_761;x;
762;209;217;155;b_barony_762;x;
763;200;189;196;b_barony_763;x;
764;156;201;161;b_barony_764;x;
765;146;244;244;b_barony_765;x;
766;196;142;170;b_barony_766;x;
767;134;246;238;b_barony_767;x;
768;229;177;175;b_barony_768;x;
769;204;208;214;b_barony_769;x;
770;228;253;25;b_barony_770;x;
771;183;229;191;b_barony_771;x;
772;232;225;128;b_barony_772;x;
773;102;218;238;b_barony_773;x;
774;124;215;205;b_barony_774;x;
775;177;234;146;b_barony_775;x;
776;186;140;231;b_barony_776;x;
777;120;204;245;b_barony_777;x;
778;248;173;129;b_barony_778;x;
779;70;228;231;b_barony_779;x;
780;250;174;188;b_barony_780;x;
781;150;236;134;b_barony_781;x;
782;173;237;194;b_barony_782;x;
783;227;149;213;b_barony_783;x;
784;247;173;214;b_barony_784;x;
785;217;54;246;b_barony_785;x;
786;107;217;189;b_barony_786;x;
787;199;235;88;b_barony_787;x;
788;93;208;207;b_barony_788;x;
789;232;187;245;b_barony_789;x;
790;130;130;242;b_barony_790;x;
791;116;183;228;b_barony_791;x;
792;244;62;197;b_barony_792;x;
793;243;254;235;b_barony_793;x;
794;238;203;164;b_barony_794;x;
795;215;230;180;b_barony_795;x;
796;93;194;243;b_barony_796;x;
797;214;224;238;b_barony_797;x;
798;246;243;150;b_barony_798;x;
799;232;132;211;b_barony_799;x;
800;206;236;200;b_barony_800;x;
801;232;144;229;b_barony_801;x;
802;176;156;182;b_barony_802;x;
803;99;219;211;b_barony_803;x;
804;214;209;146;b_barony_804;x;
805;157;214;170;b_barony_805;x;
806;185;165;164;b_barony_806;x;
807;172;200;187;b_barony_807;x;
808;128;239;175;b_barony_808;x;
809;102;217;196;b_barony_809;x;
810;150;118;245;b_barony_810;x;
811;88;237;242;b_barony_811;x;
812;136;120;249;b_barony_812;x;
813;242;244;17;b_barony_813;x;
814;155;186;170;b_barony_814;x;
815;191;109;232;b_barony_815;x;
816;94;217;193;b_barony_816;x;
817;227;87;253;b_barony_817;x;
818;192;242;180;b_barony_818;x;
819;246;141;248;b_barony_819;x;
820;229;241;217;b_barony_820;x;
821;230;194;249;b_barony_821;x;
822;241;188;74;b_barony_822;x;
823;201;208;155;b_barony_823;x;
824;238;229;175;b_barony_824;x;
825;136;151;235;b_barony_825;x;
826;207;166;159;b_barony_826;x;
827;84;235;186;b_barony_827;x;
828;245;172;91;b_barony_828;x;
829;186;211;115;b_barony_829;x;
830;149;164;215;b_barony_830;x;
831;173;254;77;b_barony_831;x;
832;121;207;208;b_barony_832;x;
833;170;233;192;b_barony_833;x;
834;237;198;89;b_barony_834;x;
835;137;178;209;b_barony_835;x;
836;167;207;170;b_barony_836;x;
837;98;240;232;b_barony_837;x;
838;171;127;241;b_barony_838;x;
839;177;233;243;b_barony_839;x;
840;242;145;130;b_barony_840;x;
841;248;199;135;b_barony_841;x;
842;234;247;218;b_barony_842;x;
843;157;231;190;b_barony_843;x;
844;92;245;225;b_barony_844;x;
845;229;146;220;b_barony_845;x;
846;181;162;201;b_barony_846;x;
847;182;254;231;b_barony_847;x;
848;189;145;241;b_barony_848;x;
849;225;188;113;b_barony_849;x;
850;238;49;241;b_barony_850;x;
851;229;231;242;b_barony_851;x;
852;247;241;131;b_barony_852;x;
853;84;198;239;b_barony_853;x;
854;196;236;150;b_barony_854;x;
855;224;253;128;b_barony_855;x;
856;211;155;218;b_barony_856;x;
857;136;205;197;b_barony_857;x;
858;208;230;77;b_barony_858;x;
859;252;73;210;b_barony_859;x;
860;81;252;176;b_barony_860;x;
861;223;140;247;b_barony_861;x;
862;213;144;218;b_barony_862;x;
863;149;201;180;b_barony_863;x;
864;193;227;226;b_barony_864;x;
865;66;246;223;b_barony_865;x;
866;224;116;185;b_barony_866;x;
867;232;205;94;b_barony_867;x;
868;196;234;133;b_barony_868;x;
869;247;163;91;b_barony_869;x;
870;96;182;242;b_barony_870;x;
871;164;250;186;b_barony_871;x;
872;234;250;248;b_barony_872;x;
873;229;144;130;b_barony_873;x;
874;163;230;250;b_barony_874;x;
875;235;186;223;b_barony_875;x;
876;241;160;239;b_barony_876;x;
877;134;215;209;b_barony_877;x;
878;98;175;250;b_barony_878;x;
879;246;252;131;b_barony_879;x;
880;213;243;70;b_barony_880;x;
881;131;252;227;b_barony_881;x;
882;216;64;235;b_barony_882;x;
883;193;217;176;b_barony_883;x;
884;253;100;224;b_barony_884;x;
885;169;239;222;b_barony_885;x;
886;204;98;202;b_barony_886;x;
887;252;213;170;b_barony_887;x;
888;123;192;211;b_barony_888;x;
889;98;195;241;b_barony_889;x;
890;179;231;163;b_barony_890;x;
891;240;42;236;b_barony_891;x;
892;203;101;227;b_barony_892;x;
893;72;242;230;b_barony_893;x;
894;148;139;254;b_barony_894;x;
895;128;228;179;b_barony_895;x;
896;120;241;195;b_barony_896;x;
897;240;206;225;b_barony_897;x;
898;193;221;251;b_barony_898;x;
899;240;87;176;b_barony_899;x;
900;242;139;162;b_barony_900;x;
901;203;63;236;b_barony_901;x;
902;244;105;180;b_barony_902;x;
903;189;119;248;b_barony_903;x;
904;250;128;128;b_barony_904;x;
905;239;190;146;b_barony_905;x;
906;167;196;145;b_barony_906;x;
907;179;172;249;b_barony_907;x;
908;162;125;216;b_barony_908;x;
909;182;103;227;b_barony_909;x;
910;125;232;152;b_barony_910;x;
911;204;147;193;b_barony_911;x;
912;91;246;189;b_barony_912;x;
913;242;199;127;b_barony_913;x;
914;226;202;211;b_barony_914;x;
915;171;190;161;b_barony_915;x;
916;242;167;102;b_barony_916;x;
917;249;253;13;b_barony_917;x;
918;243;217;123;b_barony_918;x;
919;164;112;253;b_barony_919;x;
920;100;247;212;b_barony_920;x;
921;188;248;234;b_barony_921;x;
922;249;253;103;b_barony_922;x;
923;88;252;212;b_barony_923;x;
924;240;79;252;b_barony_924;x;
925;189;227;243;b_barony_925;x;
926;244;205;175;b_barony_926;x;
927;133;221;205;b_barony_927;x;
928;202;120;240;b_barony_928;x;
929;147;247;235;b_barony_929;x;
930;97;243;211;b_barony_930;x;
931;217;77;250;b_barony_931;x;
932;164;142;226;b_barony_932;x;
933;183;215;217;b_barony_933;x;
934;106;226;190;b_barony_934;x;
935;230;209;163;b_barony_935;x;
936;94;223;253;b_barony_936;x;
937;221;219;151;b_barony_937;x;
938;122;252;231;b_barony_938;x;
939;208;122;185;b_barony_939;x;
940;242;185;160;b_barony_940;x;
941;176;208;243;b_barony_941;x;
942;249;178;107;b_barony_942;x;
943;245;190;237;b_barony_943;x;
944;249;10;254;b_barony_944;x;
945;157;205;219;b_barony_945;x;
946;149;234;184;b_barony_946;x;
947;249;128;204;b_barony_947;x;
948;154;235;227;b_barony_948;x;
949;254;112;245;b_barony_949;x;
950;139;214;243;b_barony_950;x;
951;212;67;233;b_barony_951;x;
952;214;199;192;b_barony_952;x;
953;178;171;181;b_barony_953;x;
954;232;149;243;b_barony_954;x;
955;204;176;181;b_barony_955;x;
956;239;201;187;b_barony_956;x;
957;235;104;239;b_barony_957;x;
958;209;103;192;b_barony_958;x;
959;229;185;226;b_barony_959;x;
960;150;220;147;b_barony_960;x;
961;250;45;210;b_barony_961;x;
962;251;231;237;b_barony_962;x;
963;225;83;200;b_barony_963;x;
964;119;157;243;b_barony_964;x;
965;234;207;168;b_barony_965;x;
966;240;146;157;b_barony_966;x;
967;99;241;237;b_barony_967;x;
968;203;224;218;b_barony_968;x;
969;253;254;98;b_barony_969;x;
970;175;131;217;b_barony_970;x;
971;74;237;200;b_barony_971;x;
972;166;185;254;b_barony_972;x;
973;230;184;149;b_barony_973;x;
974;152;195;159;b_barony_974;x;
975;99;177;225;b_barony_975;x;
976;246;230;31;b_barony_976;x;
977;254;158;230;b_barony_977;x;
978;204;228;80;b_barony_978;x;
979;69;215;235;b_barony_979;x;
980;176;222;230;b_barony_980;x;
981;240;177;196;b_barony_981;x;
982;64;210;247;b_barony_982;x;
983;103;158;247;b_barony_983;x;
984;245;113;235;b_barony_984;x;
985;178;189;143;b_barony_985;x;
986;228;187;246;b_barony_986;x;
987;249;248;238;b_barony_987;x;
988;253;148;109;b_barony_988;x;
989;172;97;232;b_barony_989;x;
990;130;216;222;b_barony_990;x;
991;151;240;119;b_barony_991;x;
992;197;212;240;b_barony_992;x;
993;250;168;246;b_barony_993;x;
994;240;174;144;b_barony_994;x;
995;230;236;169;b_barony_995;x;
996;219;177;128;b_barony_996;x;
997;82;209;213;b_barony_997;x;
998;186;204;161;b_barony_998;x;
999;171;211;124;b_barony_999;x;
1000;158;194;181;b_barony_1000;x;
1001;238;202;170;b_barony_1001;x;
1002;232;175;178;b_barony_1002;x;
1003;215;175;131;b_barony_1003;x;
1004;249;205;160;b_barony_1004;x;
1005;215;79;224;b_barony_1005;x;
1006;215;248;99;b_barony_1006;x;
1007;241;250;135;b_barony_1007;x;
1008;113;219;199;b_barony_1008;x;
1009;212;154;152;b_barony_1009;x;
1010;181;215;225;b_barony_1010;x;
1011;167;216;212;b_barony_1011;x;
1012;211;132;246;b_barony_1012;x;
1013;181;119;212;b_barony_1013;x;
1014;250;238;108;b_barony_1014;x;
1015;154;158;192;b_barony_1015;x;
1016;176;146;232;b_barony_1016;x;
1017;193;143;187;b_barony_1017;x;
1018;224;69;210;b_barony_1018;x;
1019;161;217;249;b_barony_1019;x;
1020;167;133;216;b_barony_1020;x;
1021;123;212;229;b_barony_1021;x;
1022;204;227;134;b_barony_1022;x;
1023;166;203;223;b_barony_1023;x;
1024;196;137;193;b_barony_1024;x;
1025;226;246;31;b_barony_1025;x;
1026;227;85;245;b_barony_1026;x;
1027;230;123;181;b_barony_1027;x;
1028;225;125;174;b_barony_1028;x;
1029;188;245;249;b_barony_1029;x;
1030;234;208;143;b_barony_1030;x;
1031;176;207;200;b_barony_1031;x;
1032;227;152;176;b_barony_1032;x;
1033;149;178;179;b_barony_1033;x;
1034;213;210;99;b_barony_1034;x;
1035;159;188;190;b_barony_1035;x;
1036;233;151;136;b_barony_1036;x;
1037;229;163;139;b_barony_1037;x;
1038;153;115;245;b_barony_1038;x;
1039;241;164;119;b_barony_1039;x;
1040;250;198;114;b_barony_1040;x;
1041;152;183;225;b_barony_1041;x;
1042;182;251;173;b_barony_1042;x;
1043;249;78;244;b_barony_1043;x;
1044;182;85;235;b_barony_1044;x;
1045;181;238;167;b_barony_1045;x;
1046;180;244;223;b_barony_1046;x;
1047;109;240;251;b_barony_1047;x;
1048;253;147;149;b_barony_1048;x;
1049;71;184;248;b_barony_1049;x;
1050;177;133;211;b_barony_1050;x;
1051;249;153;193;b_barony_1051;x;
1052;241;105;167;b_barony_1052;x;
1053;109;241;241;b_barony_1053;x;
1054;232;136;192;b_barony_1054;x;
1055;138;160;220;b_barony_1055;x;
1056;78;173;254;b_barony_1056;x;
1057;201;231;144;b_barony_1057;x;
1058;244;163;158;b_barony_1058;x;
1059;241;164;189;b_barony_1059;x;
1060;215;234;74;b_barony_1060;x;
1061;182;173;232;b_barony_1061;x;
1062;167;171;201;b_barony_1062;x;
1063;213;195;155;b_barony_1063;x;
1064;190;186;163;b_barony_1064;x;
1065;234;81;252;b_barony_1065;x;
1066;242;98;218;b_barony_1066;x;
1067;224;243;141;b_barony_1067;x;
1068;250;220;124;b_barony_1068;x;
1069;158;176;231;b_barony_1069;x;
1070;171;249;112;b_barony_1070;x;
1071;224;242;117;b_barony_1071;x;
1072;235;231;80;b_barony_1072;x;
1073;74;223;241;b_barony_1073;x;
1074;146;197;166;b_barony_1074;x;
1075;117;233;183;b_barony_1075;x;
1076;239;75;216;b_barony_1076;x;
1077;222;249;189;b_barony_1077;x;
1078;177;164;209;b_barony_1078;x;
1079;180;194;156;b_barony_1079;x;
1080;172;194;177;b_barony_1080;x;
1081;253;69;231;b_barony_1081;x;
1082;200;176;249;b_barony_1082;x;
1083;173;100;246;b_barony_1083;x;
1084;204;52;251;b_barony_1084;x;
1085;218;198;250;b_barony_1085;x;
1086;14;252;253;b_barony_1086;x;
1087;235;154;219;b_barony_1087;x;
1088;243;223;120;b_barony_1088;x;
1089;221;236;234;b_barony_1089;x;
1090;240;253;40;b_barony_1090;x;
1091;154;179;188;b_barony_1091;x;
1092;233;189;191;b_barony_1092;x;
1093;232;191;228;b_barony_1093;x;
1094;213;245;64;b_barony_1094;x;
1095;223;62;240;b_barony_1095;x;
1096;240;130;217;b_barony_1096;x;
1097;225;200;120;b_barony_1097;x;
1098;246;240;243;b_barony_1098;x;
1099;155;225;136;b_barony_1099;x;
1100;221;130;245;b_barony_1100;x;
1101;221;95;248;b_barony_1101;x;
1102;219;241;112;b_barony_1102;x;
1103;240;169;148;b_barony_1103;x;
1104;182;204;178;b_barony_1104;x;
1105;248;242;77;b_barony_1105;x;
1106;220;184;139;b_barony_1106;x;
1107;170;254;219;b_barony_1107;x;
1108;216;158;224;b_barony_1108;x;
1109;241;91;242;b_barony_1109;x;
1110;184;155;174;b_barony_1110;x;
1111;62;243;233;b_barony_1111;x;
1112;191;185;169;b_barony_1112;x;
1113;144;152;206;b_barony_1113;x;
1114;136;191;234;b_barony_1114;x;
1115;131;198;195;b_barony_1115;x;
1116;202;253;158;b_barony_1116;x;
1117;129;181;212;b_barony_1117;x;
1118;216;211;164;b_barony_1118;x;
1119;230;77;230;b_barony_1119;x;
1120;254;156;239;b_barony_1120;x;
1121;160;214;220;b_barony_1121;x;
1122;109;198;197;b_barony_1122;x;
1123;133;241;252;b_barony_1123;x;
1124;88;180;253;b_barony_1124;x;
1125;239;185;216;b_barony_1125;x;
1126;187;136;229;b_barony_1126;x;
1127;49;234;241;b_barony_1127;x;
1128;196;129;184;b_barony_1128;x;
1129;245;116;160;b_barony_1129;x;
1130;110;181;219;b_barony_1130;x;
1131;129;232;180;b_barony_1131;x;
1132;169;242;128;b_barony_1132;x;
1133;245;252;23;b_barony_1133;x;
1134;227;120;249;b_barony_1134;x;
1135;204;77;247;b_barony_1135;x;
1136;171;213;187;b_barony_1136;x;
1137;215;154;212;b_barony_1137;x;
1138;187;216;241;b_barony_1138;x;
1139;175;243;117;b_barony_1139;x;
1140;215;228;138;b_barony_1140;x;
1141;227;132;174;b_barony_1141;x;
1142;184;172;216;b_barony_1142;x;
1143;95;229;214;b_barony_1143;x;
1144;217;168;210;b_barony_1144;x;
1145;235;126;193;b_barony_1145;x;
1146;242;161;133;b_barony_1146;x;
1147;180;99;241;b_barony_1147;x;
1148;203;216;104;b_barony_1148;x;
1149;236;138;160;b_barony_1149;x;
1150;239;80;208;b_barony_1150;x;
1151;200;127;174;b_barony_1151;x;
1152;191;234;174;b_barony_1152;x;
1153;218;219;240;b_barony_1153;x;
1154;240;134;137;b_barony_1154;x;
1155;185;217;138;b_barony_1155;x;
1156;200;134;194;b_barony_1156;x;
1157;150;224;188;b_barony_1157;x;
1158;237;98;185;b_barony_1158;x;
1159;92;199;250;b_barony_1159;x;
1160;238;64;240;b_barony_1160;x;
1161;146;149;235;b_barony_1161;x;
1162;215;116;221;b_barony_1162;x;
1163;247;232;175;b_barony_1163;x;
1164;145;240;121;b_barony_1164;x;
1165;112;243;156;b_barony_1165;x;
1166;250;254;247;b_barony_1166;x;
1167;90;226;198;b_barony_1167;x;
1168;195;109;246;b_barony_1168;x;
1169;163;185;179;b_barony_1169;x;
1170;102;183;249;b_barony_1170;x;
1171;136;176;242;b_barony_1171;x;
1172;199;110;211;b_barony_1172;x;
1173;183;202;224;b_barony_1173;x;
1174;252;76;194;b_barony_1174;x;
1175;143;237;227;b_barony_1175;x;
1176;252;205;238;b_barony_1176;x;
1177;205;192;199;b_barony_1177;x;
1178;240;223;64;b_barony_1178;x;
1179;99;189;251;b_barony_1179;x;
1180;183;241;122;b_barony_1180;x;
1181;218;72;251;b_barony_1181;x;
1182;139;233;219;b_barony_1182;x;
1183;92;185;247;b_barony_1183;x;
1184;223;234;240;b_barony_1184;x;
1185;177;207;188;b_barony_1185;x;
1186;192;165;206;b_barony_1186;x;
1187;169;162;199;b_barony_1187;x;
1188;224;156;205;b_barony_1188;x;
1189;224;209;108;b_barony_1189;x;
1190;133;225;178;b_barony_1190;x;
1191;231;162;191;b_barony_1191;x;
1192;161;177;168;b_barony_1192;x;
1193;212;171;161;b_barony_1193;x;
1194;212;161;234;b_barony_1194;x;
1195;217;252;92;b_barony_1195;x;
1196;170;242;111;b_barony_1196;x;
1197;227;240;133;b_barony_1197;x;
1198;136;250;168;b_barony_1198;x;
1199;139;157;215;b_barony_1199;x;
1200;208;247;224;b_barony_1200;x;
1201;238;195;95;b_barony_1201;x;
1202;177;253;114;b_barony_1202;x;
1203;250;241;180;b_barony_1203;x;
1204;196;243;81;b_barony_1204;x;
1205;213;250;93;b_barony_1205;x;
1206;38;243;254;b_barony_1206;x;
1207;214;152;153;b_barony_1207;x;
1208;122;178;206;b_barony_1208;x;
1209;102;216;213;b_barony_1209;x;
1210;254;252;13;b_barony_1210;x;
1211;115;240;243;b_barony_1211;x;
1212;254;195;184;b_barony_1212;x;
1213;240;244;86;b_barony_1213;x;
1214;253;134;221;b_barony_1214;x;
1215;147;221;230;b_barony_1215;x;
1216;202;172;149;b_barony_1216;x;
1217;209;243;149;b_barony_1217;x;
1218;132;209;244;b_barony_1218;x;
1219;151;191;168;b_barony_1219;x;
1220;180;217;157;b_barony_1220;x;
1221;162;91;251;b_barony_1221;x;
1222;232;241;29;b_barony_1222;x;
1223;254;254;135;b_barony_1223;x;
1224;158;245;168;b_barony_1224;x;
1225;253;69;207;b_barony_1225;x;
1226;129;228;206;b_barony_1226;x;
1227;248;238;134;b_barony_1227;x;
1228;203;206;235;b_barony_1228;x;
1229;178;130;240;b_barony_1229;x;
1230;142;203;188;b_barony_1230;x;
1231;177;173;254;b_barony_1231;x;
1232;172;219;252;b_barony_1232;x;
1233;149;186;182;b_barony_1233;x;
1234;203;242;139;b_barony_1234;x;
1235;223;113;245;b_barony_1235;x;
1236;106;245;214;b_barony_1236;x;
1237;78;206;245;b_barony_1237;x;
1238;208;202;172;b_barony_1238;x;
1239;228;226;60;b_barony_1239;x;
1240;242;70;252;b_barony_1240;x;
1241;216;210;152;b_barony_1241;x;
1242;248;180;94;b_barony_1242;x;
1243;172;113;251;b_barony_1243;x;
1244;222;177;113;b_barony_1244;x;
1245;171;225;217;b_barony_1245;x;
1246;195;232;232;b_barony_1246;x;
1247;155;224;242;b_barony_1247;x;
1248;246;160;100;b_barony_1248;x;
1249;98;166;248;b_barony_1249;x;
1250;60;248;205;b_barony_1250;x;
1251;244;158;208;b_barony_1251;x;
1252;82;212;217;b_barony_1252;x;
1253;253;241;127;b_barony_1253;x;
1254;226;83;209;b_barony_1254;x;
1255;208;249;106;b_barony_1255;x;
1256;195;148;175;b_barony_1256;x;
1257;203;195;119;b_barony_1257;x;
1258;246;226;211;b_barony_1258;x;
1259;229;249;156;b_barony_1259;x;
1260;227;246;118;b_barony_1260;x;
1261;135;156;238;b_barony_1261;x;
1262;220;241;156;b_barony_1262;x;
1263;212;227;114;b_barony_1263;x;
1264;234;233;174;b_barony_1264;x;
1265;228;254;61;b_barony_1265;x;
1266;158;142;219;b_barony_1266;x;
1267;182;232;208;b_barony_1267;x;
1268;204;223;112;b_barony_1268;x;
1269;225;225;245;b_barony_1269;x;
1270;217;103;196;b_barony_1270;x;
1271;85;253;241;b_barony_1271;x;
1272;195;234;214;b_barony_1272;x;
1273;163;199;237;b_barony_1273;x;
1274;127;236;187;b_barony_1274;x;
1275;128;139;250;b_barony_1275;x;
1276;240;95;195;b_barony_1276;x;
1277;106;249;211;b_barony_1277;x;
1278;230;247;203;b_barony_1278;x;
1279;179;239;169;b_barony_1279;x;
1280;250;150;203;b_barony_1280;x;
1281;184;149;227;b_barony_1281;x;
1282;242;45;249;b_barony_1282;x;
1283;63;231;228;b_barony_1283;x;
1284;233;241;62;b_barony_1284;x;
1285;218;86;247;b_barony_1285;x;
1286;193;85;235;b_barony_1286;x;
1287;194;208;102;b_barony_1287;x;
1288;191;109;206;b_barony_1288;x;
1289;105;240;169;b_barony_1289;x;
1290;139;180;226;b_barony_1290;x;
1291;128;245;217;b_barony_1291;x;
1292;208;232;111;b_barony_1292;x;
1293;95;230;237;b_barony_1293;x;
1294;166;132;251;b_barony_1294;x;
1295;234;94;193;b_barony_1295;x;
1296;249;187;203;b_barony_1296;x;
1297;131;219;246;b_barony_1297;x;
1298;254;196;153;b_barony_1298;x;
1299;216;189;221;b_barony_1299;x;
1300;229;171;195;b_barony_1300;x;
1301;196;225;85;b_barony_1301;x;
1302;215;218;216;b_barony_1302;x;
1303;72;250;179;b_barony_1303;x;
1304;179;128;232;b_barony_1304;x;
1305;127;157;236;b_barony_1305;x;
1306;215;81;244;b_barony_1306;x;
1307;93;245;223;b_barony_1307;x;
1308;242;108;225;b_barony_1308;x;
1309;224;189;126;b_barony_1309;x;
1310;135;150;237;b_barony_1310;x;
1311;108;245;174;b_barony_1311;x;
1312;132;198;247;b_barony_1312;x;
1313;95;251;184;b_barony_1313;x;
1314;238;101;180;b_barony_1314;x;
1315;201;173;131;b_barony_1315;x;
1316;198;188;181;b_barony_1316;x;
1317;230;111;180;b_barony_1317;x;
1318;241;205;85;b_barony_1318;x;
1319;103;246;190;b_barony_1319;x;
1320;202;249;67;b_barony_1320;x;
1321;243;215;248;b_barony_1321;x;
1322;138;182;217;b_barony_1322;x;
1323;196;198;150;b_barony_1323;x;
1324;216;252;81;b_barony_1324;x;
1325;223;127;196;b_barony_1325;x;
1326;192;250;205;b_barony_1326;x;
1327;233;89;197;b_barony_1327;x;
1328;197;251;85;b_barony_1328;x;
1329;253;35;232;b_barony_1329;x;
1330;218;157;195;b_barony_1330;x;
1331;196;225;119;b_barony_1331;x;
1332;218;137;196;b_barony_1332;x;
1333;214;185;162;b_barony_1333;x;
1334;251;141;126;b_barony_1334;x;
1335;181;238;225;b_barony_1335;x;
1336;248;63;239;b_barony_1336;x;
1337;154;170;244;b_barony_1337;x;
1338;223;209;117;b_barony_1338;x;
1339;125;199;215;b_barony_1339;x;
1340;234;230;142;b_barony_1340;x;
1341;209;249;185;b_barony_1341;x;
1342;239;138;135;b_barony_1342;x;
1343;193;243;165;b_barony_1343;x;
1344;198;225;139;b_barony_1344;x;
1345;149;197;202;b_barony_1345;x;
1346;185;245;211;b_barony_1346;x;
1347;173;134;224;b_barony_1347;x;
1348;223;152;152;b_barony_1348;x;
1349;195;248;104;b_barony_1349;x;
1350;193;131;177;b_barony_1350;x;
1351;229;156;253;b_barony_1351;x;
1352;225;65;213;b_barony_1352;x;
1353;219;210;103;b_barony_1353;x;
1354;253;218;107;b_barony_1354;x;
1355;139;246;221;b_barony_1355;x;
1356;147;109;249;b_barony_1356;x;
1357;227;163;249;b_barony_1357;x;
1358;149;148;211;b_barony_1358;x;
1359;251;105;171;b_barony_1359;x;
1360;252;139;134;b_barony_1360;x;
1361;202;90;226;b_barony_1361;x;
1362;156;127;246;b_barony_1362;x;
1363;233;151;251;b_barony_1363;x;
1364;211;236;77;b_barony_1364;x;
1365;250;77;192;b_barony_1365;x;
1366;200;249;81;b_barony_1366;x;
1367;200;158;150;b_barony_1367;x;
1368;26;247;230;b_barony_1368;x;
1369;246;164;108;b_barony_1369;x;
1370;221;138;247;b_barony_1370;x;
1371;220;174;170;b_barony_1371;x;
1372;249;75;193;b_barony_1372;x;
1373;227;216;236;b_barony_1373;x;
1374;252;86;203;b_barony_1374;x;
1375;199;154;186;b_barony_1375;x;
1376;220;145;230;b_barony_1376;x;
1377;206;104;232;b_barony_1377;x;
1378;208;85;233;b_barony_1378;x;
1379;144;249;111;b_barony_1379;x;
1380;247;243;139;b_barony_1380;x;
1381;139;180;182;b_barony_1381;x;
1382;199;154;251;b_barony_1382;x;
1383;238;103;213;b_barony_1383;x;
1384;196;110;252;b_barony_1384;x;
1385;243;186;214;b_barony_1385;x;
1386;222;207;160;b_barony_1386;x;
1387;129;224;149;b_barony_1387;x;
1388;254;218;80;b_barony_1388;x;
1389;246;124;225;b_barony_1389;x;
1390;238;226;117;b_barony_1390;x;
1391;246;251;108;b_barony_1391;x;
1392;126;193;191;b_barony_1392;x;
1393;158;246;234;b_barony_1393;x;
1394;240;245;239;b_barony_1394;x;
1395;209;191;211;b_barony_1395;x;
1396;189;233;249;b_barony_1396;x;
1397;214;239;64;b_barony_1397;x;
1398;251;161;175;b_barony_1398;x;
1399;247;111;194;b_barony_1399;x;
1400;185;218;142;b_barony_1400;x;
1401;249;96;248;b_barony_1401;x;
1402;208;110;231;b_barony_1402;x;
1403;248;108;209;b_barony_1403;x;
1404;189;191;232;b_barony_1404;x;
1405;217;184;118;b_barony_1405;x;
1406;222;234;197;b_barony_1406;x;
1407;237;135;146;b_barony_1407;x;
1408;228;175;168;b_barony_1408;x;
1409;222;223;246;b_barony_1409;x;
1410;220;139;160;b_barony_1410;x;
1411;26;246;233;b_barony_1411;x;
1412;114;194;214;b_barony_1412;x;
1413;154;254;232;b_barony_1413;x;
1414;163;200;162;b_barony_1414;x;
1415;242;230;221;b_barony_1415;x;
1416;162;238;226;b_barony_1416;x;
1417;196;208;225;b_barony_1417;x;
1418;198;242;173;b_barony_1418;x;
1419;53;247;208;b_barony_1419;x;
1420;205;217;134;b_barony_1420;x;
1421;213;238;218;b_barony_1421;x;
1422;152;177;205;b_barony_1422;x;
1423;90;221;210;b_barony_1423;x;
1424;247;187;81;b_barony_1424;x;
1425;227;203;198;b_barony_1425;x;
1426;240;176;172;b_barony_1426;x;
1427;198;116;195;b_barony_1427;x;
1428;234;180;179;b_barony_1428;x;
1429;239;194;152;b_barony_1429;x;
1430;230;178;108;b_barony_1430;x;
1431;224;217;126;b_barony_1431;x;
1432;220;47;244;b_barony_1432;x;
1433;212;238;126;b_barony_1433;x;
1434;211;152;188;b_barony_1434;x;
1435;94;241;226;b_barony_1435;x;
1436;135;143;245;b_barony_1436;x;
1437;238;210;248;b_barony_1437;x;
1438;107;241;157;b_barony_1438;x;
1439;198;225;102;b_barony_1439;x;
1440;224;83;199;b_barony_1440;x;
1441;251;141;218;b_barony_1441;x;
1442;218;234;84;b_barony_1442;x;
1443;190;214;208;b_barony_1443;x;
1444;248;223;221;b_barony_1444;x;
1445;98;176;254;b_barony_1445;x;
1446;194;168;245;b_barony_1446;x;
1447;229;187;135;b_barony_1447;x;
1448;241;116;223;b_barony_1448;x;
1449;210;232;105;b_barony_1449;x;
1450;33;244;231;b_barony_1450;x;
1451;236;175;239;b_barony_1451;x;
1452;243;127;157;b_barony_1452;x;
1453;195;239;251;b_barony_1453;x;
1454;170;210;237;b_barony_1454;x;
1455;148;241;129;b_barony_1455;x;
1456;219;169;182;b_barony_1456;x;
1457;225;199;99;b_barony_1457;x;
1458;227;230;226;b_barony_1458;x;
1459;167;157;187;b_barony_1459;x;
1460;151;239;197;b_barony_1460;x;
1461;76;221;220;b_barony_1461;x;
1462;66;226;234;b_barony_1462;x;
1463;215;208;198;b_barony_1463;x;
1464;227;183;251;b_barony_1464;x;
1465;83;245;219;b_barony_1465;x;
1466;243;200;241;b_barony_1466;x;
1467;112;231;207;b_barony_1467;x;
1468;245;172;203;b_barony_1468;x;
1469;253;193;181;b_barony_1469;x;
1470;223;201;170;b_barony_1470;x;
1471;64;240;253;b_barony_1471;x;
1472;214;83;231;b_barony_1472;x;
1473;149;204;158;b_barony_1473;x;
1474;215;196;252;b_barony_1474;x;
1475;237;254;236;b_barony_1475;x;
1476;232;241;56;b_barony_1476;x;
1477;247;146;184;b_barony_1477;x;
1478;217;145;145;b_barony_1478;x;
1479;227;70;209;b_barony_1479;x;
1480;185;222;191;b_barony_1480;x;
1481;227;204;214;b_barony_1481;x;
1482;234;252;81;b_barony_1482;x;
1483;123;242;173;b_barony_1483;x;
1484;249;109;249;b_barony_1484;x;
1485;208;119;219;b_barony_1485;x;
1486;232;170;210;b_barony_1486;x;
1487;253;147;112;b_barony_1487;x;
1488;223;208;180;b_barony_1488;x;
1489;214;140;221;b_barony_1489;x;
1490;213;203;108;b_barony_1490;x;
1491;250;131;140;b_barony_1491;x;
1492;171;241;187;b_barony_1492;x;
1493;226;246;141;b_barony_1493;x;
1494;131;164;225;b_barony_1494;x;
1495;210;176;178;b_barony_1495;x;
1496;215;174;213;b_barony_1496;x;
1497;246;185;235;b_barony_1497;x;
1498;172;208;168;b_barony_1498;x;
1499;149;226;173;b_barony_1499;x;
1500;170;215;191;b_barony_1500;x;
1501;197;131;225;b_barony_1501;x;
1502;239;139;200;b_barony_1502;x;
1503;211;221;109;b_barony_1503;x;
1504;242;230;46;b_barony_1504;x;
1505;221;250;52;b_barony_1505;x;
1506;130;210;197;b_barony_1506;x;
1507;216;247;40;b_barony_1507;x;
1508;95;214;246;b_barony_1508;x;
1509;185;110;228;b_barony_1509;x;
1510;138;220;193;b_barony_1510;x;
1511;138;247;221;b_barony_1511;x;
1512;214;230;188;b_barony_1512;x;
1513;221;177;119;b_barony_1513;x;
1514;178;220;136;b_barony_1514;x;
1515;225;185;101;b_barony_1515;x;
1516;153;231;126;b_barony_1516;x;
1517;251;248;226;b_barony_1517;x;
1518;181;220;110;b_barony_1518;x;
1519;226;140;171;b_barony_1519;x;
1520;136;168;230;b_barony_1520;x;
1521;243;210;215;b_barony_1521;x;
1522;190;222;188;b_barony_1522;x;
1523;209;181;221;b_barony_1523;x;
1524;180;181;171;b_barony_1524;x;
1525;213;151;182;b_barony_1525;x;
1526;214;219;179;b_barony_1526;x;
1527;196;89;216;b_barony_1527;x;
1528;179;253;236;b_barony_1528;x;
1529;159;164;195;b_barony_1529;x;
1530;224;240;105;b_barony_1530;x;
1531;89;206;236;b_barony_1531;x;
1532;102;229;193;b_barony_1532;x;
1533;194;181;209;b_barony_1533;x;
1534;241;211;190;b_barony_1534;x;
1535;204;230;100;b_barony_1535;x;
1536;76;229;201;b_barony_1536;x;
1537;222;177;152;b_barony_1537;x;
1538;171;245;121;b_barony_1538;x;
1539;126;227;180;b_barony_1539;x;
1540;249;133;140;b_barony_1540;x;
1541;237;230;249;b_barony_1541;x;
1542;177;227;216;b_barony_1542;x;
1543;217;127;226;b_barony_1543;x;
1544;219;93;215;b_barony_1544;x;
1545;253;253;191;b_barony_1545;x;
1546;184;212;170;b_barony_1546;x;
1547;231;66;221;b_barony_1547;x;
1548;205;143;197;b_barony_1548;x;
1549;219;226;151;b_barony_1549;x;
1550;237;248;175;b_barony_1550;x;
1551;172;131;247;b_barony_1551;x;
1552;144;234;216;b_barony_1552;x;
1553;245;146;250;b_barony_1553;x;
1554;221;167;171;b_barony_1554;x;
1555;209;133;189;b_barony_1555;x;
1556;211;213;90;b_barony_1556;x;
1557;196;133;177;b_barony_1557;x;
1558;37;223;251;b_barony_1558;x;
1559;225;235;164;b_barony_1559;x;
1560;122;232;205;b_barony_1560;x;
1561;242;122;145;b_barony_1561;x;
1562;158;249;213;b_barony_1562;x;
1563;198;219;217;b_barony_1563;x;
1564;245;240;187;b_barony_1564;x;
1565;65;252;187;b_barony_1565;x;
1566;232;149;249;b_barony_1566;x;
1567;214;247;246;b_barony_1567;x;
1568;240;149;223;b_barony_1568;x;
1569;195;215;249;b_barony_1569;x;
1570;202;252;90;b_barony_1570;x;
1571;250;229;142;b_barony_1571;x;
1572;252;246;31;b_barony_1572;x;
1573;0;0;0;b_barony_1573;x;
1574;8;3;84;b_barony_1574;x;
1575;78;3;16;b_barony_1575;x;
1576;8;60;6;b_barony_1576;x;
1577;18;0;80;b_barony_1577;x;
1578;16;19;1;b_barony_1578;x;
1579;7;32;21;b_barony_1579;x;